{"cameraMode":{"drawMode":0,"name":"Shaded","section":"Shading Mode"},"sceneLighting":true,"audioPlay":false,"sceneViewState":{"m_AlwaysRefresh":false,"showFog":true,"showSkybox":true,"showFlares":true,"showImageEffects":true,"showParticleSystems":true,"showVisualEffectGraphs":true,"m_FxEnabled":true},"in2DMode":false,"pivot":{"x":-11.682645797729493,"y":14.386194229125977,"z":8.821578979492188},"rotation":{"x":0.04853149130940437,"y":0.9507472515106201,"z":-0.19853156805038453,"w":0.2336258888244629},"size":21.562463760375978,"orthographic":true}